[
    {
        "movies": "Pather Panchali",
        "years": 1955,
        "rating": 8.5,
        "position": 1,
        "link": "https://www.imdb.com/title/tt0048473/"
    },
    {
        "movies": "Nayakan",
        "years": 1987,
        "rating": 8.5,
        "position": 2,
        "link": "https://www.imdb.com/title/tt0093603/"
    },
    {
        "movies": "Anbe Sivam",
        "years": 2003,
        "rating": 8.5,
        "position": 3,
        "link": "https://www.imdb.com/title/tt0367495/"
    },
    {
        "movies": "Pariyerum Perumal",
        "years": 2018,
        "rating": 8.5,
        "position": 4,
        "link": "https://www.imdb.com/title/tt8176054/"
    },
    {
        "movies": "Golmaal",
        "years": 1979,
        "rating": 8.5,
        "position": 5,
        "link": "https://www.imdb.com/title/tt0079221/"
    },
    {
        "movies": "Apur Sansar",
        "years": 1959,
        "rating": 8.5,
        "position": 6,
        "link": "https://www.imdb.com/title/tt0052572/"
    },
    {
        "movies": "Drishyam 2",
        "years": 2021,
        "rating": 8.5,
        "position": 7,
        "link": "https://www.imdb.com/title/tt12361178/"
    },
    {
        "movies": "C/o Kancharapalem",
        "years": 2018,
        "rating": 8.5,
        "position": 8,
        "link": "https://www.imdb.com/title/tt7391996/"
    },
    {
        "movies": "Manichitrathazhu",
        "years": 1993,
        "rating": 8.4,
        "position": 9,
        "link": "https://www.imdb.com/title/tt0214915/"
    },
    {
        "movies": "Kireedam",
        "years": 1989,
        "rating": 8.4,
        "position": 10,
        "link": "https://www.imdb.com/title/tt0237376/"
    },
    {
        "movies": "Natsamrat",
        "years": 2016,
        "rating": 8.4,
        "position": 11,
        "link": "https://www.imdb.com/title/tt5311546/"
    },
    {
        "movies": "96",
        "years": 2018,
        "rating": 8.4,
        "position": 12,
        "link": "https://www.imdb.com/title/tt7019842/"
    },
    {
        "movies": "Black Friday",
        "years": 2004,
        "rating": 8.4,
        "position": 13,
        "link": "https://www.imdb.com/title/tt0400234/"
    },
    {
        "movies": "Thevar Magan",
        "years": 1992,
        "rating": 8.4,
        "position": 14,
        "link": "https://www.imdb.com/title/tt0105575/"
    },
    {
        "movies": "Kumbalangi Nights",
        "years": 2019,
        "rating": 8.4,
        "position": 15,
        "link": "https://www.imdb.com/title/tt8413338/"
    },
    {
        "movies": "3 Idiots",
        "years": 2009,
        "rating": 8.3,
        "position": 16,
        "link": "https://www.imdb.com/title/tt1187043/"
    },
    {
        "movies": "Visaaranai",
        "years": 2015,
        "rating": 8.3,
        "position": 17,
        "link": "https://www.imdb.com/title/tt4991384/"
    },
    {
        "movies": "Taare Zameen Par",
        "years": 2007,
        "rating": 8.3,
        "position": 18,
        "link": "https://www.imdb.com/title/tt0986264/"
    },
    {
        "movies": "Ratsasan",
        "years": 2018,
        "rating": 8.3,
        "position": 19,
        "link": "https://www.imdb.com/title/tt7060344/"
    },
    {
        "movies": "Jersey",
        "years": 2019,
        "rating": 8.3,
        "position": 20,
        "link": "https://www.imdb.com/title/tt8948790/"
    },
    {
        "movies": "Soorarai Pottru",
        "years": 2020,
        "rating": 8.3,
        "position": 21,
        "link": "https://www.imdb.com/title/tt10189514/"
    },
    {
        "movies": "Thalapathi",
        "years": 1991,
        "rating": 8.3,
        "position": 22,
        "link": "https://www.imdb.com/title/tt0101649/"
    },
    {
        "movies": "Dangal",
        "years": 2016,
        "rating": 8.3,
        "position": 23,
        "link": "https://www.imdb.com/title/tt5074352/"
    },
    {
        "movies": "Asuran",
        "years": 2019,
        "rating": 8.3,
        "position": 24,
        "link": "https://www.imdb.com/title/tt9477520/"
    },
    {
        "movies": "Devasuram",
        "years": 1993,
        "rating": 8.3,
        "position": 25,
        "link": "https://www.imdb.com/title/tt0291855/"
    },
    {
        "movies": "Aparajito",
        "years": 1956,
        "rating": 8.3,
        "position": 26,
        "link": "https://www.imdb.com/title/tt0048956/"
    },
    {
        "movies": "Kaithi",
        "years": 2019,
        "rating": 8.3,
        "position": 27,
        "link": "https://www.imdb.com/title/tt9900782/"
    },
    {
        "movies": "Jaane Bhi Do Yaaro",
        "years": 1983,
        "rating": 8.3,
        "position": 28,
        "link": "https://www.imdb.com/title/tt0085743/"
    },
    {
        "movies": "Pyaasa",
        "years": 1957,
        "rating": 8.3,
        "position": 29,
        "link": "https://www.imdb.com/title/tt0050870/"
    },
    {
        "movies": "Guide",
        "years": 1965,
        "rating": 8.3,
        "position": 30,
        "link": "https://www.imdb.com/title/tt0059246/"
    },
    {
        "movies": "Peranbu",
        "years": 2018,
        "rating": 8.3,
        "position": 31,
        "link": "https://www.imdb.com/title/tt7738784/"
    },
    {
        "movies": "Vada Chennai",
        "years": 2018,
        "rating": 8.2,
        "position": 32,
        "link": "https://www.imdb.com/title/tt5959980/"
    },
    {
        "movies": "Thani Oruvan",
        "years": 2015,
        "rating": 8.2,
        "position": 33,
        "link": "https://www.imdb.com/title/tt4987556/"
    },
    {
        "movies": "Kannathil Muthamittal",
        "years": 2002,
        "rating": 8.2,
        "position": 34,
        "link": "https://www.imdb.com/title/tt0312859/"
    },
    {
        "movies": "Chupke Chupke",
        "years": 1975,
        "rating": 8.2,
        "position": 35,
        "link": "https://www.imdb.com/title/tt0072783/"
    },
    {
        "movies": "Spadikam",
        "years": 1995,
        "rating": 8.2,
        "position": 36,
        "link": "https://www.imdb.com/title/tt0292246/"
    },
    {
        "movies": "Iruvar",
        "years": 1997,
        "rating": 8.2,
        "position": 37,
        "link": "https://www.imdb.com/title/tt0119385/"
    },
    {
        "movies": "Drishyam",
        "years": 2013,
        "rating": 8.2,
        "position": 38,
        "link": "https://www.imdb.com/title/tt3417422/"
    },
    {
        "movies": "Vikram Vedha",
        "years": 2017,
        "rating": 8.2,
        "position": 39,
        "link": "https://www.imdb.com/title/tt6148156/"
    },
    {
        "movies": "Agent Sai Srinivasa Athreya",
        "years": 2019,
        "rating": 8.2,
        "position": 40,
        "link": "https://www.imdb.com/title/tt10214826/"
    },
    {
        "movies": "Aruvi",
        "years": 2016,
        "rating": 8.2,
        "position": 41,
        "link": "https://www.imdb.com/title/tt5867800/"
    },
    {
        "movies": "Super Deluxe",
        "years": 2019,
        "rating": 8.2,
        "position": 42,
        "link": "https://www.imdb.com/title/tt7019942/"
    },
    {
        "movies": "Tumbbad",
        "years": 2018,
        "rating": 8.2,
        "position": 43,
        "link": "https://www.imdb.com/title/tt8239946/"
    },
    {
        "movies": "Mahanati",
        "years": 2018,
        "rating": 8.2,
        "position": 44,
        "link": "https://www.imdb.com/title/tt7465992/"
    },
    {
        "movies": "Khosla Ka Ghosla!",
        "years": 2006,
        "rating": 8.2,
        "position": 45,
        "link": "https://www.imdb.com/title/tt0466460/"
    },
    {
        "movies": "Anand",
        "years": 1971,
        "rating": 8.2,
        "position": 46,
        "link": "https://www.imdb.com/title/tt0066763/"
    },
    {
        "movies": "Pudhu Pettai",
        "years": 2006,
        "rating": 8.2,
        "position": 47,
        "link": "https://www.imdb.com/title/tt0459516/"
    },
    {
        "movies": "Premam",
        "years": 2015,
        "rating": 8.2,
        "position": 48,
        "link": "https://www.imdb.com/title/tt4679210/"
    },
    {
        "movies": "Kaakkaa Muttai",
        "years": 2014,
        "rating": 8.2,
        "position": 49,
        "link": "https://www.imdb.com/title/tt3973410/"
    },
    {
        "movies": "Anniyan",
        "years": 2005,
        "rating": 8.2,
        "position": 50,
        "link": "https://www.imdb.com/title/tt0376127/"
    },
    {
        "movies": "Andhadhun",
        "years": 2018,
        "rating": 8.2,
        "position": 51,
        "link": "https://www.imdb.com/title/tt8108198/"
    },
    {
        "movies": "Bangalore Days",
        "years": 2014,
        "rating": 8.2,
        "position": 52,
        "link": "https://www.imdb.com/title/tt3668162/"
    },
    {
        "movies": "Mudhalvan",
        "years": 1999,
        "rating": 8.2,
        "position": 53,
        "link": "https://www.imdb.com/title/tt0220656/"
    },
    {
        "movies": "Dhuruvangal Pathinaaru",
        "years": 2016,
        "rating": 8.2,
        "position": 54,
        "link": "https://www.imdb.com/title/tt6380520/"
    },
    {
        "movies": "Papanasam",
        "years": 2015,
        "rating": 8.2,
        "position": 55,
        "link": "https://www.imdb.com/title/tt4429128/"
    },
    {
        "movies": "Satya",
        "years": 1998,
        "rating": 8.2,
        "position": 56,
        "link": "https://www.imdb.com/title/tt0195231/"
    },
    {
        "movies": "Shahid",
        "years": 2012,
        "rating": 8.2,
        "position": 57,
        "link": "https://www.imdb.com/title/tt2181831/"
    },
    {
        "movies": "Soodhu Kavvum",
        "years": 2013,
        "rating": 8.2,
        "position": 58,
        "link": "https://www.imdb.com/title/tt2877108/"
    },
    {
        "movies": "Pithamagan",
        "years": 2003,
        "rating": 8.1,
        "position": 59,
        "link": "https://www.imdb.com/title/tt0376076/"
    },
    {
        "movies": "Jigarthanda",
        "years": 2014,
        "rating": 8.1,
        "position": 60,
        "link": "https://www.imdb.com/title/tt3569782/"
    },
    {
        "movies": "Gangs of Wasseypur",
        "years": 2012,
        "rating": 8.1,
        "position": 61,
        "link": "https://www.imdb.com/title/tt1954470/"
    },
    {
        "movies": "Sairat",
        "years": 2016,
        "rating": 8.1,
        "position": 62,
        "link": "https://www.imdb.com/title/tt5312232/"
    },
    {
        "movies": "Paan Singh Tomar",
        "years": 2012,
        "rating": 8.1,
        "position": 63,
        "link": "https://www.imdb.com/title/tt1620933/"
    },
    {
        "movies": "Bhaag Milkha Bhaag",
        "years": 2013,
        "rating": 8.1,
        "position": 64,
        "link": "https://www.imdb.com/title/tt2356180/"
    },
    {
        "movies": "Talvar",
        "years": 2015,
        "rating": 8.1,
        "position": 65,
        "link": "https://www.imdb.com/title/tt4934950/"
    },
    {
        "movies": "Hera Pheri",
        "years": 2000,
        "rating": 8.1,
        "position": 66,
        "link": "https://www.imdb.com/title/tt0242519/"
    },
    {
        "movies": "Swades: We, the People",
        "years": 2004,
        "rating": 8.1,
        "position": 67,
        "link": "https://www.imdb.com/title/tt0367110/"
    },
    {
        "movies": "Black",
        "years": 2005,
        "rating": 8.1,
        "position": 68,
        "link": "https://www.imdb.com/title/tt0375611/"
    },
    {
        "movies": "Sholay",
        "years": 1975,
        "rating": 8.1,
        "position": 69,
        "link": "https://www.imdb.com/title/tt0073707/"
    },
    {
        "movies": "Chak De! India",
        "years": 2007,
        "rating": 8.1,
        "position": 70,
        "link": "https://www.imdb.com/title/tt0871510/"
    },
    {
        "movies": "Ustad Hotel",
        "years": 2012,
        "rating": 8.1,
        "position": 71,
        "link": "https://www.imdb.com/title/tt2218988/"
    },
    {
        "movies": "Nil Battey Sannata",
        "years": 2015,
        "rating": 8.1,
        "position": 72,
        "link": "https://www.imdb.com/title/tt5005684/"
    },
    {
        "movies": "Jo Jeeta Wohi Sikandar",
        "years": 1992,
        "rating": 8.1,
        "position": 73,
        "link": "https://www.imdb.com/title/tt0104561/"
    },
    {
        "movies": "Charulata",
        "years": 1964,
        "rating": 8.1,
        "position": 74,
        "link": "https://www.imdb.com/title/tt0057935/"
    },
    {
        "movies": "Drishyam",
        "years": 2015,
        "rating": 8.1,
        "position": 75,
        "link": "https://www.imdb.com/title/tt4430212/"
    },
    {
        "movies": "Mughal-E-Azam",
        "years": 1960,
        "rating": 8.1,
        "position": 76,
        "link": "https://www.imdb.com/title/tt0054098/"
    },
    {
        "movies": "Zindagi Na Milegi Dobara",
        "years": 2011,
        "rating": 8.1,
        "position": 77,
        "link": "https://www.imdb.com/title/tt1562872/"
    },
    {
        "movies": "Maheshinte Prathikaaram",
        "years": 2016,
        "rating": 8.1,
        "position": 78,
        "link": "https://www.imdb.com/title/tt4851630/"
    },
    {
        "movies": "Article 15",
        "years": 2019,
        "rating": 8.1,
        "position": 79,
        "link": "https://www.imdb.com/title/tt10324144/"
    },
    {
        "movies": "Udaan",
        "years": 2010,
        "rating": 8.1,
        "position": 80,
        "link": "https://www.imdb.com/title/tt1639426/"
    },
    {
        "movies": "A Wednesday",
        "years": 2008,
        "rating": 8.1,
        "position": 81,
        "link": "https://www.imdb.com/title/tt1280558/"
    },
    {
        "movies": "Queen",
        "years": 2013,
        "rating": 8.1,
        "position": 82,
        "link": "https://www.imdb.com/title/tt3322420/"
    },
    {
        "movies": "Theeran adhigaaram ondru",
        "years": 2017,
        "rating": 8.1,
        "position": 83,
        "link": "https://www.imdb.com/title/tt7060460/"
    },
    {
        "movies": "Masaan",
        "years": 2015,
        "rating": 8.1,
        "position": 84,
        "link": "https://www.imdb.com/title/tt4635372/"
    },
    {
        "movies": "Alai Payuthey",
        "years": 2000,
        "rating": 8.1,
        "position": 85,
        "link": "https://www.imdb.com/title/tt0242256/"
    },
    {
        "movies": "Sarfarosh",
        "years": 1999,
        "rating": 8.1,
        "position": 86,
        "link": "https://www.imdb.com/title/tt0200087/"
    },
    {
        "movies": "Munna Bhai M.B.B.S.",
        "years": 2003,
        "rating": 8.1,
        "position": 87,
        "link": "https://www.imdb.com/title/tt0374887/"
    },
    {
        "movies": "Roja",
        "years": 1992,
        "rating": 8.1,
        "position": 88,
        "link": "https://www.imdb.com/title/tt0105271/"
    },
    {
        "movies": "Dil Chahta Hai",
        "years": 2001,
        "rating": 8.1,
        "position": 89,
        "link": "https://www.imdb.com/title/tt0292490/"
    },
    {
        "movies": "Baasha",
        "years": 1995,
        "rating": 8.1,
        "position": 90,
        "link": "https://www.imdb.com/title/tt0139876/"
    },
    {
        "movies": "OMG: Oh My God!",
        "years": 2012,
        "rating": 8.1,
        "position": 91,
        "link": "https://www.imdb.com/title/tt2283748/"
    },
    {
        "movies": "Rang De Basanti",
        "years": 2006,
        "rating": 8.1,
        "position": 92,
        "link": "https://www.imdb.com/title/tt0405508/"
    },
    {
        "movies": "Lagaan: Once Upon a Time in India",
        "years": 2001,
        "rating": 8.1,
        "position": 93,
        "link": "https://www.imdb.com/title/tt0169102/"
    },
    {
        "movies": "Kahaani",
        "years": 2012,
        "rating": 8.1,
        "position": 94,
        "link": "https://www.imdb.com/title/tt1821480/"
    },
    {
        "movies": "Andaz Apna Apna",
        "years": 1994,
        "rating": 8.1,
        "position": 95,
        "link": "https://www.imdb.com/title/tt0109117/"
    },
    {
        "movies": "Chhichhore",
        "years": 2019,
        "rating": 8.1,
        "position": 96,
        "link": "https://www.imdb.com/title/tt9052870/"
    },
    {
        "movies": "Uri: The Surgical Strike",
        "years": 2018,
        "rating": 8.1,
        "position": 97,
        "link": "https://www.imdb.com/title/tt8291224/"
    },
    {
        "movies": "Virumandi",
        "years": 2004,
        "rating": 8.1,
        "position": 98,
        "link": "https://www.imdb.com/title/tt0364647/"
    },
    {
        "movies": "PK",
        "years": 2014,
        "rating": 8.1,
        "position": 99,
        "link": "https://www.imdb.com/title/tt2338151/"
    },
    {
        "movies": "Iqbal",
        "years": 2005,
        "rating": 8.1,
        "position": 100,
        "link": "https://www.imdb.com/title/tt0453729/"
    },
    {
        "movies": "Lucia",
        "years": 2013,
        "rating": 8.1,
        "position": 101,
        "link": "https://www.imdb.com/title/tt2358592/"
    },
    {
        "movies": "Bommarillu",
        "years": 2006,
        "rating": 8.1,
        "position": 102,
        "link": "https://www.imdb.com/title/tt0843326/"
    },
    {
        "movies": "The Legend of Bhagat Singh",
        "years": 2002,
        "rating": 8.0,
        "position": 103,
        "link": "https://www.imdb.com/title/tt0319736/"
    },
    {
        "movies": "Barfi!",
        "years": 2012,
        "rating": 8.0,
        "position": 104,
        "link": "https://www.imdb.com/title/tt2082197/"
    },
    {
        "movies": "Pink",
        "years": 2016,
        "rating": 8.0,
        "position": 105,
        "link": "https://www.imdb.com/title/tt5571734/"
    },
    {
        "movies": "Maqbool",
        "years": 2003,
        "rating": 8.0,
        "position": 106,
        "link": "https://www.imdb.com/title/tt0379370/"
    },
    {
        "movies": "Bombay",
        "years": 1995,
        "rating": 8.0,
        "position": 107,
        "link": "https://www.imdb.com/title/tt0112553/"
    },
    {
        "movies": "Section 375",
        "years": 2019,
        "rating": 8.0,
        "position": 108,
        "link": "https://www.imdb.com/title/tt8144834/"
    },
    {
        "movies": "Omkara",
        "years": 2006,
        "rating": 8.0,
        "position": 109,
        "link": "https://www.imdb.com/title/tt0488414/"
    },
    {
        "movies": "Indian",
        "years": 1996,
        "rating": 8.0,
        "position": 110,
        "link": "https://www.imdb.com/title/tt0116630/"
    },
    {
        "movies": "Lage Raho Munna Bhai",
        "years": 2006,
        "rating": 8.0,
        "position": 111,
        "link": "https://www.imdb.com/title/tt0456144/"
    },
    {
        "movies": "Deewaar",
        "years": 1975,
        "rating": 8.0,
        "position": 112,
        "link": "https://www.imdb.com/title/tt0072860/"
    },
    {
        "movies": "Pelli Choopulu",
        "years": 2016,
        "rating": 8.0,
        "position": 113,
        "link": "https://www.imdb.com/title/tt5824826/"
    },
    {
        "movies": "Pranchiyettan and the Saint",
        "years": 2010,
        "rating": 8.0,
        "position": 114,
        "link": "https://www.imdb.com/title/tt1695800/"
    },
    {
        "movies": "Thadam",
        "years": 2019,
        "rating": 8.0,
        "position": 115,
        "link": "https://www.imdb.com/title/tt7822438/"
    },
    {
        "movies": "Baahubali 2: The Conclusion",
        "years": 2017,
        "rating": 8.0,
        "position": 116,
        "link": "https://www.imdb.com/title/tt4849438/"
    },
    {
        "movies": "Padosan",
        "years": 1968,
        "rating": 8.0,
        "position": 117,
        "link": "https://www.imdb.com/title/tt0063404/"
    },
    {
        "movies": "Gulaal",
        "years": 2009,
        "rating": 8.0,
        "position": 118,
        "link": "https://www.imdb.com/title/tt1261047/"
    },
    {
        "movies": "Naduvula Konjam Pakkatha Kaanom",
        "years": 2012,
        "rating": 8.0,
        "position": 119,
        "link": "https://www.imdb.com/title/tt2564144/"
    },
    {
        "movies": "Dilwale Dulhania Le Jayenge",
        "years": 1995,
        "rating": 8.0,
        "position": 120,
        "link": "https://www.imdb.com/title/tt0112870/"
    },
    {
        "movies": "Athadu",
        "years": 2005,
        "rating": 8.0,
        "position": 121,
        "link": "https://www.imdb.com/title/tt0471571/"
    },
    {
        "movies": "Haider",
        "years": 2014,
        "rating": 8.0,
        "position": 122,
        "link": "https://www.imdb.com/title/tt3390572/"
    },
    {
        "movies": "Rangasthalam",
        "years": 2018,
        "rating": 8.0,
        "position": 123,
        "link": "https://www.imdb.com/title/tt7392212/"
    },
    {
        "movies": "Take Off",
        "years": 2017,
        "rating": 8.0,
        "position": 124,
        "link": "https://www.imdb.com/title/tt6315524/"
    },
    {
        "movies": "Ugly",
        "years": 2013,
        "rating": 8.0,
        "position": 125,
        "link": "https://www.imdb.com/title/tt2882328/"
    },
    {
        "movies": "Thondimuthalum Dhriksakshiyum",
        "years": 2017,
        "rating": 8.0,
        "position": 126,
        "link": "https://www.imdb.com/title/tt5906392/"
    },
    {
        "movies": "Padayappa",
        "years": 1999,
        "rating": 8.0,
        "position": 127,
        "link": "https://www.imdb.com/title/tt0213969/"
    },
    {
        "movies": "Mother India",
        "years": 1957,
        "rating": 8.0,
        "position": 128,
        "link": "https://www.imdb.com/title/tt0050188/"
    },
    {
        "movies": "Special Chabbis",
        "years": 2013,
        "rating": 7.9,
        "position": 129,
        "link": "https://www.imdb.com/title/tt2377938/"
    },
    {
        "movies": "Aadukalam",
        "years": 2011,
        "rating": 7.9,
        "position": 130,
        "link": "https://www.imdb.com/title/tt1821317/"
    },
    {
        "movies": "Gully Boy",
        "years": 2019,
        "rating": 7.9,
        "position": 131,
        "link": "https://www.imdb.com/title/tt2395469/"
    },
    {
        "movies": "Ship of Theseus",
        "years": 2012,
        "rating": 7.9,
        "position": 132,
        "link": "https://www.imdb.com/title/tt1773764/"
    },
    {
        "movies": "K.G.F: Chapter 1",
        "years": 2018,
        "rating": 7.9,
        "position": 133,
        "link": "https://www.imdb.com/title/tt7838252/"
    },
    {
        "movies": "Vaaranam Aayiram",
        "years": 2008,
        "rating": 7.9,
        "position": 134,
        "link": "https://www.imdb.com/title/tt1180583/"
    },
    {
        "movies": "Dev.D",
        "years": 2009,
        "rating": 7.9,
        "position": 135,
        "link": "https://www.imdb.com/title/tt1327035/"
    },
    {
        "movies": "Badhaai ho",
        "years": 2018,
        "rating": 7.9,
        "position": 136,
        "link": "https://www.imdb.com/title/tt7725596/"
    },
    {
        "movies": "Ulidavaru Kandanthe",
        "years": 2014,
        "rating": 7.9,
        "position": 137,
        "link": "https://www.imdb.com/title/tt3394420/"
    },
    {
        "movies": "Bajrangi Bhaijaan",
        "years": 2015,
        "rating": 7.9,
        "position": 138,
        "link": "https://www.imdb.com/title/tt3863552/"
    },
    {
        "movies": "Karnan",
        "years": 2021,
        "rating": 7.9,
        "position": 139,
        "link": "https://www.imdb.com/title/tt11581174/"
    },
    {
        "movies": "Vedam",
        "years": 2010,
        "rating": 7.9,
        "position": 140,
        "link": "https://www.imdb.com/title/tt1649431/"
    },
    {
        "movies": "Jalsaghar",
        "years": 1958,
        "rating": 7.9,
        "position": 141,
        "link": "https://www.imdb.com/title/tt0051792/"
    },
    {
        "movies": "Vaastav: The Reality",
        "years": 1999,
        "rating": 7.9,
        "position": 142,
        "link": "https://www.imdb.com/title/tt0220832/"
    },
    {
        "movies": "Ankhon Dekhi",
        "years": 2013,
        "rating": 7.9,
        "position": 143,
        "link": "https://www.imdb.com/title/tt3614516/"
    },
    {
        "movies": "Company",
        "years": 2002,
        "rating": 7.9,
        "position": 144,
        "link": "https://www.imdb.com/title/tt0296574/"
    },
    {
        "movies": "Deiva Thirumagal",
        "years": 2011,
        "rating": 7.9,
        "position": 145,
        "link": "https://www.imdb.com/title/tt1857670/"
    },
    {
        "movies": "Arjun Reddy",
        "years": 2017,
        "rating": 7.9,
        "position": 146,
        "link": "https://www.imdb.com/title/tt7294534/"
    },
    {
        "movies": "Mukkabaaz",
        "years": 2017,
        "rating": 7.9,
        "position": 147,
        "link": "https://www.imdb.com/title/tt7180544/"
    },
    {
        "movies": "Manjhi: The Mountain Man",
        "years": 2015,
        "rating": 7.9,
        "position": 148,
        "link": "https://www.imdb.com/title/tt3449292/"
    },
    {
        "movies": "Pizza",
        "years": 2012,
        "rating": 7.9,
        "position": 149,
        "link": "https://www.imdb.com/title/tt2585562/"
    },
    {
        "movies": "My Name Is Khan",
        "years": 2010,
        "rating": 7.9,
        "position": 150,
        "link": "https://www.imdb.com/title/tt1188996/"
    },
    {
        "movies": "Dil Bechara",
        "years": 2020,
        "rating": 7.9,
        "position": 151,
        "link": "https://www.imdb.com/title/tt8110330/"
    },
    {
        "movies": "Memories",
        "years": 2013,
        "rating": 7.9,
        "position": 152,
        "link": "https://www.imdb.com/title/tt3124456/"
    },
    {
        "movies": "Kal Ho Naa Ho",
        "years": 2003,
        "rating": 7.9,
        "position": 153,
        "link": "https://www.imdb.com/title/tt0347304/"
    },
    {
        "movies": "Jab We Met",
        "years": 2007,
        "rating": 7.9,
        "position": 154,
        "link": "https://www.imdb.com/title/tt1093370/"
    },
    {
        "movies": "Charlie",
        "years": 2015,
        "rating": 7.9,
        "position": 155,
        "link": "https://www.imdb.com/title/tt5082014/"
    },
    {
        "movies": "Angamaly Diaries",
        "years": 2017,
        "rating": 7.8,
        "position": 156,
        "link": "https://www.imdb.com/title/tt6167894/"
    },
    {
        "movies": "Mumbai Police",
        "years": 2013,
        "rating": 7.8,
        "position": 157,
        "link": "https://www.imdb.com/title/tt2924472/"
    },
    {
        "movies": "Vinnaithaandi Varuvaayaa",
        "years": 2010,
        "rating": 7.8,
        "position": 158,
        "link": "https://www.imdb.com/title/tt1609168/"
    },
    {
        "movies": "Border",
        "years": 1997,
        "rating": 7.8,
        "position": 159,
        "link": "https://www.imdb.com/title/tt0118751/"
    },
    {
        "movies": "Unnaipol Oruvan",
        "years": 2009,
        "rating": 7.8,
        "position": 160,
        "link": "https://www.imdb.com/title/tt1417299/"
    },
    {
        "movies": "Kaakha..Kaakha: The Police",
        "years": 2003,
        "rating": 7.8,
        "position": 161,
        "link": "https://www.imdb.com/title/tt0375878/"
    },
    {
        "movies": "Super 30",
        "years": 2019,
        "rating": 7.8,
        "position": 162,
        "link": "https://www.imdb.com/title/tt7485048/"
    },
    {
        "movies": "Padman",
        "years": 2018,
        "rating": 7.8,
        "position": 163,
        "link": "https://www.imdb.com/title/tt7218518/"
    },
    {
        "movies": "Dor",
        "years": 2006,
        "rating": 7.8,
        "position": 164,
        "link": "https://www.imdb.com/title/tt0824316/"
    },
    {
        "movies": "Lakshya",
        "years": 2004,
        "rating": 7.8,
        "position": 165,
        "link": "https://www.imdb.com/title/tt0323013/"
    },
    {
        "movies": "B\u00e3hubali: The Beginning",
        "years": 2015,
        "rating": 7.8,
        "position": 166,
        "link": "https://www.imdb.com/title/tt2631186/"
    },
    {
        "movies": "Vettaiyaadu Vilaiyaadu",
        "years": 2006,
        "rating": 7.8,
        "position": 167,
        "link": "https://www.imdb.com/title/tt0455829/"
    },
    {
        "movies": "Hey Ram",
        "years": 2000,
        "rating": 7.8,
        "position": 168,
        "link": "https://www.imdb.com/title/tt0222012/"
    },
    {
        "movies": "Baby",
        "years": 2015,
        "rating": 7.8,
        "position": 169,
        "link": "https://www.imdb.com/title/tt3848892/"
    },
    {
        "movies": "Airlift",
        "years": 2016,
        "rating": 7.8,
        "position": 170,
        "link": "https://www.imdb.com/title/tt4387040/"
    },
    {
        "movies": "Okkadu",
        "years": 2003,
        "rating": 7.8,
        "position": 171,
        "link": "https://www.imdb.com/title/tt0366840/"
    },
    {
        "movies": "Hindi Medium",
        "years": 2017,
        "rating": 7.8,
        "position": 172,
        "link": "https://www.imdb.com/title/tt5764096/"
    },
    {
        "movies": "English Vinglish",
        "years": 2012,
        "rating": 7.8,
        "position": 173,
        "link": "https://www.imdb.com/title/tt2181931/"
    },
    {
        "movies": "Sonchiriya",
        "years": 2019,
        "rating": 7.8,
        "position": 174,
        "link": "https://www.imdb.com/title/tt8108200/"
    },
    {
        "movies": "Manam",
        "years": 2014,
        "rating": 7.8,
        "position": 175,
        "link": "https://www.imdb.com/title/tt2926068/"
    },
    {
        "movies": "Gangaajal",
        "years": 2003,
        "rating": 7.8,
        "position": 176,
        "link": "https://www.imdb.com/title/tt0373856/"
    },
    {
        "movies": "The Lunchbox",
        "years": 2013,
        "rating": 7.8,
        "position": 177,
        "link": "https://www.imdb.com/title/tt2350496/"
    },
    {
        "movies": "Johnny Gaddaar",
        "years": 2007,
        "rating": 7.8,
        "position": 178,
        "link": "https://www.imdb.com/title/tt1077248/"
    },
    {
        "movies": "Ab Tak Chhappan",
        "years": 2004,
        "rating": 7.8,
        "position": 179,
        "link": "https://www.imdb.com/title/tt0402014/"
    },
    {
        "movies": "Joji",
        "years": 2021,
        "rating": 7.8,
        "position": 180,
        "link": "https://www.imdb.com/title/tt13206926/"
    },
    {
        "movies": "Badla",
        "years": 2019,
        "rating": 7.8,
        "position": 181,
        "link": "https://www.imdb.com/title/tt8130968/"
    },
    {
        "movies": "Secret Superstar",
        "years": 2017,
        "rating": 7.8,
        "position": 182,
        "link": "https://www.imdb.com/title/tt6108090/"
    },
    {
        "movies": "Pokiri",
        "years": 2006,
        "rating": 7.7,
        "position": 183,
        "link": "https://www.imdb.com/title/tt0816258/"
    },
    {
        "movies": "Nayak: The Real Hero",
        "years": 2001,
        "rating": 7.7,
        "position": 184,
        "link": "https://www.imdb.com/title/tt0291376/"
    },
    {
        "movies": "Vicky Donor",
        "years": 2012,
        "rating": 7.7,
        "position": 185,
        "link": "https://www.imdb.com/title/tt2317337/"
    },
    {
        "movies": "Mr. India",
        "years": 1987,
        "rating": 7.7,
        "position": 186,
        "link": "https://www.imdb.com/title/tt0093578/"
    },
    {
        "movies": "Raazi",
        "years": 2018,
        "rating": 7.7,
        "position": 187,
        "link": "https://www.imdb.com/title/tt7098658/"
    },
    {
        "movies": "Udta Punjab",
        "years": 2016,
        "rating": 7.7,
        "position": 188,
        "link": "https://www.imdb.com/title/tt4434004/"
    },
    {
        "movies": "Don",
        "years": 1978,
        "rating": 7.7,
        "position": 189,
        "link": "https://www.imdb.com/title/tt0077451/"
    },
    {
        "movies": "RangiTaranga",
        "years": 2015,
        "rating": 7.7,
        "position": 190,
        "link": "https://www.imdb.com/title/tt4432480/"
    },
    {
        "movies": "Stanley Ka Dabba",
        "years": 2011,
        "rating": 7.7,
        "position": 191,
        "link": "https://www.imdb.com/title/tt1907761/"
    },
    {
        "movies": "M.S. Dhoni: The Untold Story",
        "years": 2016,
        "rating": 7.7,
        "position": 192,
        "link": "https://www.imdb.com/title/tt4169250/"
    },
    {
        "movies": "Goodachari",
        "years": 2018,
        "rating": 7.7,
        "position": 193,
        "link": "https://www.imdb.com/title/tt7758160/"
    },
    {
        "movies": "Rock On!!",
        "years": 2008,
        "rating": 7.7,
        "position": 194,
        "link": "https://www.imdb.com/title/tt1230165/"
    },
    {
        "movies": "Veer-Zaara",
        "years": 2004,
        "rating": 7.7,
        "position": 195,
        "link": "https://www.imdb.com/title/tt0420332/"
    },
    {
        "movies": "Ko",
        "years": 2011,
        "rating": 7.7,
        "position": 196,
        "link": "https://www.imdb.com/title/tt1851988/"
    },
    {
        "movies": "Velaiilla Pattadhari",
        "years": 2014,
        "rating": 7.7,
        "position": 197,
        "link": "https://www.imdb.com/title/tt3822396/"
    },
    {
        "movies": "Dasvidaniya",
        "years": 2008,
        "rating": 7.7,
        "position": 198,
        "link": "https://www.imdb.com/title/tt1288638/"
    },
    {
        "movies": "Aligarh",
        "years": 2015,
        "rating": 7.7,
        "position": 199,
        "link": "https://www.imdb.com/title/tt5121000/"
    },
    {
        "movies": "Arya",
        "years": 2004,
        "rating": 7.7,
        "position": 200,
        "link": "https://www.imdb.com/title/tt0431619/"
    },
    {
        "movies": "Guru",
        "years": 2007,
        "rating": 7.7,
        "position": 201,
        "link": "https://www.imdb.com/title/tt0499375/"
    },
    {
        "movies": "Samsara",
        "years": 2001,
        "rating": 7.7,
        "position": 202,
        "link": "https://www.imdb.com/title/tt0196069/"
    },
    {
        "movies": "Oye Lucky! Lucky Oye!",
        "years": 2008,
        "rating": 7.7,
        "position": 203,
        "link": "https://www.imdb.com/title/tt1292703/"
    },
    {
        "movies": "Kai po che!",
        "years": 2013,
        "rating": 7.7,
        "position": 204,
        "link": "https://www.imdb.com/title/tt2213054/"
    },
    {
        "movies": "Thuppakki",
        "years": 2012,
        "rating": 7.7,
        "position": 205,
        "link": "https://www.imdb.com/title/tt2187153/"
    },
    {
        "movies": "Mumbai Meri Jaan",
        "years": 2008,
        "rating": 7.7,
        "position": 206,
        "link": "https://www.imdb.com/title/tt1266583/"
    },
    {
        "movies": "Kaththi",
        "years": 2014,
        "rating": 7.7,
        "position": 207,
        "link": "https://www.imdb.com/title/tt3801314/"
    },
    {
        "movies": "24",
        "years": 2016,
        "rating": 7.6,
        "position": 208,
        "link": "https://www.imdb.com/title/tt4981966/"
    },
    {
        "movies": "Rockstar",
        "years": 2011,
        "rating": 7.6,
        "position": 209,
        "link": "https://www.imdb.com/title/tt1839596/"
    },
    {
        "movies": "Eega",
        "years": 2012,
        "rating": 7.6,
        "position": 210,
        "link": "https://www.imdb.com/title/tt2258337/"
    },
    {
        "movies": "Avane Srimannarayana",
        "years": 2019,
        "rating": 7.6,
        "position": 211,
        "link": "https://www.imdb.com/title/tt7998242/"
    },
    {
        "movies": "Kabhi Haan Kabhi Naa",
        "years": 1994,
        "rating": 7.6,
        "position": 212,
        "link": "https://www.imdb.com/title/tt0110222/"
    },
    {
        "movies": "Kapoor & Sons",
        "years": 2016,
        "rating": 7.6,
        "position": 213,
        "link": "https://www.imdb.com/title/tt4900716/"
    },
    {
        "movies": "Darr",
        "years": 1993,
        "rating": 7.6,
        "position": 214,
        "link": "https://www.imdb.com/title/tt0109555/"
    },
    {
        "movies": "Newton",
        "years": 2017,
        "rating": 7.6,
        "position": 215,
        "link": "https://www.imdb.com/title/tt6484982/"
    },
    {
        "movies": "Ugramm",
        "years": 2014,
        "rating": 7.6,
        "position": 216,
        "link": "https://www.imdb.com/title/tt3320542/"
    },
    {
        "movies": "Aamir",
        "years": 2008,
        "rating": 7.6,
        "position": 217,
        "link": "https://www.imdb.com/title/tt1241195/"
    },
    {
        "movies": "Earth",
        "years": 1998,
        "rating": 7.6,
        "position": 218,
        "link": "https://www.imdb.com/title/tt0150433/"
    },
    {
        "movies": "Sir",
        "years": 2018,
        "rating": 7.6,
        "position": 219,
        "link": "https://www.imdb.com/title/tt7142506/"
    },
    {
        "movies": "Ghilli",
        "years": 2004,
        "rating": 7.6,
        "position": 220,
        "link": "https://www.imdb.com/title/tt0422320/"
    },
    {
        "movies": "Agneepath",
        "years": 1990,
        "rating": 7.6,
        "position": 221,
        "link": "https://www.imdb.com/title/tt0098999/"
    },
    {
        "movies": "The Tashkent Files",
        "years": 2019,
        "rating": 7.6,
        "position": 222,
        "link": "https://www.imdb.com/title/tt8108268/"
    },
    {
        "movies": "Madras Cafe",
        "years": 2013,
        "rating": 7.6,
        "position": 223,
        "link": "https://www.imdb.com/title/tt2855648/"
    },
    {
        "movies": "Sarkar",
        "years": 2005,
        "rating": 7.6,
        "position": 224,
        "link": "https://www.imdb.com/title/tt0432047/"
    },
    {
        "movies": "Pyaar Ka Punchnama",
        "years": 2011,
        "rating": 7.6,
        "position": 225,
        "link": "https://www.imdb.com/title/tt1926313/"
    },
    {
        "movies": "Neerja",
        "years": 2016,
        "rating": 7.6,
        "position": 226,
        "link": "https://www.imdb.com/title/tt5286444/"
    },
    {
        "movies": "Bheja Fry",
        "years": 2007,
        "rating": 7.6,
        "position": 227,
        "link": "https://www.imdb.com/title/tt1014672/"
    },
    {
        "movies": "Detective Byomkesh Bakshy!",
        "years": 2015,
        "rating": 7.6,
        "position": 228,
        "link": "https://www.imdb.com/title/tt3447364/"
    },
    {
        "movies": "Highway",
        "years": 2014,
        "rating": 7.6,
        "position": 229,
        "link": "https://www.imdb.com/title/tt2980794/"
    },
    {
        "movies": "Kannum Kannum Kollaiyadithaal",
        "years": 2020,
        "rating": 7.6,
        "position": 230,
        "link": "https://www.imdb.com/title/tt8042292/"
    },
    {
        "movies": "Magadheera",
        "years": 2009,
        "rating": 7.6,
        "position": 231,
        "link": "https://www.imdb.com/title/tt1447500/"
    },
    {
        "movies": "Baazigar",
        "years": 1993,
        "rating": 7.6,
        "position": 232,
        "link": "https://www.imdb.com/title/tt0106333/"
    },
    {
        "movies": "Manorama: Six Feet Under",
        "years": 2007,
        "rating": 7.6,
        "position": 233,
        "link": "https://www.imdb.com/title/tt0920464/"
    },
    {
        "movies": "Tanu Weds Manu Returns",
        "years": 2015,
        "rating": 7.6,
        "position": 234,
        "link": "https://www.imdb.com/title/tt2140465/"
    },
    {
        "movies": "Saala Khadoos",
        "years": 2016,
        "rating": 7.6,
        "position": 235,
        "link": "https://www.imdb.com/title/tt5310090/"
    },
    {
        "movies": "Wake Up Sid",
        "years": 2009,
        "rating": 7.6,
        "position": 236,
        "link": "https://www.imdb.com/title/tt1324059/"
    },
    {
        "movies": "Piku",
        "years": 2015,
        "rating": 7.6,
        "position": 237,
        "link": "https://www.imdb.com/title/tt3767372/"
    },
    {
        "movies": "Ludo",
        "years": 2020,
        "rating": 7.6,
        "position": 238,
        "link": "https://www.imdb.com/title/tt7212754/"
    },
    {
        "movies": "1 - Nenokkadine",
        "years": 2014,
        "rating": 7.6,
        "position": 239,
        "link": "https://www.imdb.com/title/tt2375559/"
    },
    {
        "movies": "Dhruva",
        "years": 2016,
        "rating": 7.5,
        "position": 240,
        "link": "https://www.imdb.com/title/tt6027478/"
    },
    {
        "movies": "Kuch Kuch Hota Hai",
        "years": 1998,
        "rating": 7.5,
        "position": 241,
        "link": "https://www.imdb.com/title/tt0172684/"
    },
    {
        "movies": "Geetha Govindam",
        "years": 2018,
        "rating": 7.5,
        "position": 242,
        "link": "https://www.imdb.com/title/tt8590896/"
    },
    {
        "movies": "Sanju",
        "years": 2018,
        "rating": 7.5,
        "position": 243,
        "link": "https://www.imdb.com/title/tt6452574/"
    },
    {
        "movies": "Jodhaa Akbar",
        "years": 2008,
        "rating": 7.5,
        "position": 244,
        "link": "https://www.imdb.com/title/tt0449994/"
    },
    {
        "movies": "Parmanu: The Story of Pokhran",
        "years": 2018,
        "rating": 7.5,
        "position": 245,
        "link": "https://www.imdb.com/title/tt6826438/"
    },
    {
        "movies": "Delhi Belly",
        "years": 2011,
        "rating": 7.5,
        "position": 246,
        "link": "https://www.imdb.com/title/tt1934231/"
    },
    {
        "movies": "Stree",
        "years": 2018,
        "rating": 7.5,
        "position": 247,
        "link": "https://www.imdb.com/title/tt8108202/"
    },
    {
        "movies": "Trapped",
        "years": 2016,
        "rating": 7.5,
        "position": 248,
        "link": "https://www.imdb.com/title/tt6206564/"
    },
    {
        "movies": "Devdas",
        "years": 2002,
        "rating": 7.5,
        "position": 249,
        "link": "https://www.imdb.com/title/tt0238936/"
    },
    {
        "movies": "Lootcase",
        "years": 2020,
        "rating": 7.5,
        "position": 250,
        "link": "https://www.imdb.com/title/tt10515526/"
    }
]